{
  "layer": "albers_PublicallyOwnedWorkingLands_15_15",
  "datatype": "bool", 
  "type": "arg",
  "xmin": 958731.651484,
  "xmax": 966411.651484,
  "ymin": 1378947.959009,
  "ymax": 1386627.959009,
  "cols": 256,
  "rows": 256,
  "cellwidth": 30.000000,
  "cellheight": 30.000000,
  "epsg": 3785,
  "yskew": 0.0,
  "xskew": 0.0
}