{
  "layer": "albers_PublicallyOwnedWorkingLands_5_8",
  "datatype": "bool", 
  "type": "arg",
  "xmin": 881931.651484,
  "xmax": 889611.651484,
  "ymin": 1432707.959009,
  "ymax": 1440387.959009,
  "cols": 256,
  "rows": 256,
  "cellwidth": 30.000000,
  "cellheight": 30.000000,
  "epsg": 3785,
  "yskew": 0.0,
  "xskew": 0.0
}