{
  "layer": "albers_PublicallyOwnedWorkingLands_9_21",
  "datatype": "bool", 
  "type": "arg",
  "xmin": 912651.651484,
  "xmax": 920331.651484,
  "ymin": 1332867.959009,
  "ymax": 1340547.959009,
  "cols": 256,
  "rows": 256,
  "cellwidth": 30.000000,
  "cellheight": 30.000000,
  "epsg": 3785,
  "yskew": 0.0,
  "xskew": 0.0
}