{
  "layer": "albers_PublicallyOwnedWorkingLands_1_16",
  "datatype": "bool", 
  "type": "arg",
  "xmin": 851211.651484,
  "xmax": 858891.651484,
  "ymin": 1371267.959009,
  "ymax": 1378947.959009,
  "cols": 256,
  "rows": 256,
  "cellwidth": 30.000000,
  "cellheight": 30.000000,
  "epsg": 3785,
  "yskew": 0.0,
  "xskew": 0.0
}