{
  "layer": "albers_PublicallyOwnedWorkingLands_12_23",
  "datatype": "bool", 
  "type": "arg",
  "xmin": 935691.651484,
  "xmax": 943371.651484,
  "ymin": 1317507.959009,
  "ymax": 1325187.959009,
  "cols": 256,
  "rows": 256,
  "cellwidth": 30.000000,
  "cellheight": 30.000000,
  "epsg": 3785,
  "yskew": 0.0,
  "xskew": 0.0
}