{
  "layer": "albers_PublicallyOwnedWorkingLands_26_7",
  "datatype": "bool", 
  "type": "arg",
  "xmin": 1043211.651484,
  "xmax": 1050891.651484,
  "ymin": 1440387.959009,
  "ymax": 1448067.959009,
  "cols": 256,
  "rows": 256,
  "cellwidth": 30.000000,
  "cellheight": 30.000000,
  "epsg": 3785,
  "yskew": 0.0,
  "xskew": 0.0
}