{
  "layer": "albers_PublicallyOwnedWorkingLands_20_5",
  "datatype": "bool", 
  "type": "arg",
  "xmin": 997131.651484,
  "xmax": 1004811.651484,
  "ymin": 1455747.959009,
  "ymax": 1463427.959009,
  "cols": 256,
  "rows": 256,
  "cellwidth": 30.000000,
  "cellheight": 30.000000,
  "epsg": 3785,
  "yskew": 0.0,
  "xskew": 0.0
}