{
  "layer": "albers_PublicallyOwnedWorkingLands_22_0",
  "datatype": "bool", 
  "type": "arg",
  "xmin": 1012491.651484,
  "xmax": 1020171.651484,
  "ymin": 1494147.959009,
  "ymax": 1501827.959009,
  "cols": 256,
  "rows": 256,
  "cellwidth": 30.000000,
  "cellheight": 30.000000,
  "epsg": 3785,
  "yskew": 0.0,
  "xskew": 0.0
}