{
  "layer": "albers_Non-workingProtectedOrPublicLands_27_3",
  "datatype": "bool", 
  "type": "arg",
  "xmin": 1050891.651484,
  "xmax": 1058571.651484,
  "ymin": 1471107.959009,
  "ymax": 1478787.959009,
  "cols": 256,
  "rows": 256,
  "cellwidth": 30.000000,
  "cellheight": 30.000000,
  "epsg": 3785,
  "yskew": 0.0,
  "xskew": 0.0
}