{
  "layer": "albers_Non-workingProtectedOrPublicLands_25_27",
  "datatype": "bool", 
  "type": "arg",
  "xmin": 1035531.651484,
  "xmax": 1043211.651484,
  "ymin": 1286787.959009,
  "ymax": 1294467.959009,
  "cols": 256,
  "rows": 256,
  "cellwidth": 30.000000,
  "cellheight": 30.000000,
  "epsg": 3785,
  "yskew": 0.0,
  "xskew": 0.0
}