{
  "layer": "albers_Non-workingProtectedOrPublicLands_0_17",
  "datatype": "bool", 
  "type": "arg",
  "xmin": 843531.651484,
  "xmax": 851211.651484,
  "ymin": 1363587.959009,
  "ymax": 1371267.959009,
  "cols": 256,
  "rows": 256,
  "cellwidth": 30.000000,
  "cellheight": 30.000000,
  "epsg": 3785,
  "yskew": 0.0,
  "xskew": 0.0
}