{
  "layer": "albers_Non-workingProtectedOrPublicLands_14_29",
  "datatype": "bool", 
  "type": "arg",
  "xmin": 951051.651484,
  "xmax": 958731.651484,
  "ymin": 1271427.959009,
  "ymax": 1279107.959009,
  "cols": 256,
  "rows": 256,
  "cellwidth": 30.000000,
  "cellheight": 30.000000,
  "epsg": 3785,
  "yskew": 0.0,
  "xskew": 0.0
}