{
  "layer": "albers_Non-workingProtectedOrPublicLands_13_21",
  "datatype": "bool", 
  "type": "arg",
  "xmin": 943371.651484,
  "xmax": 951051.651484,
  "ymin": 1332867.959009,
  "ymax": 1340547.959009,
  "cols": 256,
  "rows": 256,
  "cellwidth": 30.000000,
  "cellheight": 30.000000,
  "epsg": 3785,
  "yskew": 0.0,
  "xskew": 0.0
}