{
  "layer": "albers_Non-workingProtectedOrPublicLands_6_5",
  "datatype": "bool", 
  "type": "arg",
  "xmin": 889611.651484,
  "xmax": 897291.651484,
  "ymin": 1455747.959009,
  "ymax": 1463427.959009,
  "cols": 256,
  "rows": 256,
  "cellwidth": 30.000000,
  "cellheight": 30.000000,
  "epsg": 3785,
  "yskew": 0.0,
  "xskew": 0.0
}