{
  "layer": "albers_Non-workingProtectedOrPublicLands_28_30",
  "datatype": "bool", 
  "type": "arg",
  "xmin": 1058571.651484,
  "xmax": 1066251.651484,
  "ymin": 1263747.959009,
  "ymax": 1271427.959009,
  "cols": 256,
  "rows": 256,
  "cellwidth": 30.000000,
  "cellheight": 30.000000,
  "epsg": 3785,
  "yskew": 0.0,
  "xskew": 0.0
}