{
  "layer": "albers_FarmlandOrForestedLandsWithPrimeAgriculturalSoils",
  "datatype": "bool", 
  "type": "arg",
  "xmin": 862467.855530,
  "xmax": 1065387.855530,
  "ymin": 1282173.186111,
  "ymax": 1482693.186111,
  "cols": 6764,
  "rows": 6684,
  "cellwidth": 30.000000,
  "cellheight": 30.000000,
  "epsg": 3785,
  "yskew": 0.0,
  "xskew": 0.0
}