{
  "layer": "albers_PrivatelyOwnedWorkingLandsWithEasements",
  "datatype": "bool", 
  "type": "arg",
  "xmin": 841575.911750,
  "xmax": 1086525.911750,
  "ymin": 1260966.638170,
  "ymax": 1503906.638170,
  "cols": 8165,
  "rows": 8098,
  "cellwidth": 30.000000,
  "cellheight": 30.000000,
  "epsg": 3785,
  "yskew": 0.0,
  "xskew": 0.0
}