{
  "layer": "albers_FarmlandWithoutPrimeAgriculturalSoils",
  "datatype": "bool", 
  "type": "arg",
  "xmin": 843531.651484,
  "xmax": 1084671.651484,
  "ymin": 1262880.775380,
  "ymax": 1501830.775380,
  "cols": 8038,
  "rows": 7965,
  "cellwidth": 30.000000,
  "cellheight": 30.000000,
  "epsg": 3785,
  "yskew": 0.0,
  "xskew": 0.0
}