{
  "layer": "albers_Non-workingProtectedOrPublicLands",
  "datatype": "bool", 
  "type": "arg",
  "xmin": 843531.651484,
  "xmax": 1084641.651484,
  "ymin": 1262877.959009,
  "ymax": 1501827.959009,
  "cols": 8037,
  "rows": 7965,
  "cellwidth": 30.000000,
  "cellheight": 30.000000,
  "epsg": 3785,
  "yskew": 0.0,
  "xskew": 0.0
}