{
  "layer": "albers_FarmlandWithoutPrimeAgriculturalSoils_0_28",
  "datatype": "bool", 
  "type": "arg",
  "xmin": 843531.651484,
  "xmax": 851211.651484,
  "ymin": 1279110.775380,
  "ymax": 1286790.775380,
  "cols": 256,
  "rows": 256,
  "cellwidth": 30.000000,
  "cellheight": 30.000000,
  "epsg": 3785,
  "yskew": 0.0,
  "xskew": 0.0
}