{
  "layer": "albers_FarmlandWithoutPrimeAgriculturalSoils_11_13",
  "datatype": "bool", 
  "type": "arg",
  "xmin": 928011.651484,
  "xmax": 935691.651484,
  "ymin": 1394310.775380,
  "ymax": 1401990.775380,
  "cols": 256,
  "rows": 256,
  "cellwidth": 30.000000,
  "cellheight": 30.000000,
  "epsg": 3785,
  "yskew": 0.0,
  "xskew": 0.0
}