{
  "layer": "albers_FarmlandWithoutPrimeAgriculturalSoils_10_6",
  "datatype": "bool", 
  "type": "arg",
  "xmin": 920331.651484,
  "xmax": 928011.651484,
  "ymin": 1448070.775380,
  "ymax": 1455750.775380,
  "cols": 256,
  "rows": 256,
  "cellwidth": 30.000000,
  "cellheight": 30.000000,
  "epsg": 3785,
  "yskew": 0.0,
  "xskew": 0.0
}