{
  "layer": "albers_FarmlandWithoutPrimeAgriculturalSoils_2_25",
  "datatype": "bool", 
  "type": "arg",
  "xmin": 858891.651484,
  "xmax": 866571.651484,
  "ymin": 1302150.775380,
  "ymax": 1309830.775380,
  "cols": 256,
  "rows": 256,
  "cellwidth": 30.000000,
  "cellheight": 30.000000,
  "epsg": 3785,
  "yskew": 0.0,
  "xskew": 0.0
}