{
  "layer": "albers_FarmlandWithoutPrimeAgriculturalSoils_31_1",
  "datatype": "bool", 
  "type": "arg",
  "xmin": 1081611.651484,
  "xmax": 1084671.651484,
  "ymin": 1486470.775380,
  "ymax": 1494150.775380,
  "cols": 256,
  "rows": 256,
  "cellwidth": 30.000000,
  "cellheight": 30.000000,
  "epsg": 3785,
  "yskew": 0.0,
  "xskew": 0.0
}