{
  "layer": "albers_FarmlandWithoutPrimeAgriculturalSoils_7_24",
  "datatype": "bool", 
  "type": "arg",
  "xmin": 897291.651484,
  "xmax": 904971.651484,
  "ymin": 1309830.775380,
  "ymax": 1317510.775380,
  "cols": 256,
  "rows": 256,
  "cellwidth": 30.000000,
  "cellheight": 30.000000,
  "epsg": 3785,
  "yskew": 0.0,
  "xskew": 0.0
}