{
  "layer": "albers_FarmlandWithoutPrimeAgriculturalSoils_16_15",
  "datatype": "bool", 
  "type": "arg",
  "xmin": 966411.651484,
  "xmax": 974091.651484,
  "ymin": 1378950.775380,
  "ymax": 1386630.775380,
  "cols": 256,
  "rows": 256,
  "cellwidth": 30.000000,
  "cellheight": 30.000000,
  "epsg": 3785,
  "yskew": 0.0,
  "xskew": 0.0
}