{
  "layer": "albers_FarmlandWithoutPrimeAgriculturalSoils_13_9",
  "datatype": "bool", 
  "type": "arg",
  "xmin": 943371.651484,
  "xmax": 951051.651484,
  "ymin": 1425030.775380,
  "ymax": 1432710.775380,
  "cols": 256,
  "rows": 256,
  "cellwidth": 30.000000,
  "cellheight": 30.000000,
  "epsg": 3785,
  "yskew": 0.0,
  "xskew": 0.0
}