{
  "layer": "albers_FarmlandWithoutPrimeAgriculturalSoils_14_16",
  "datatype": "bool", 
  "type": "arg",
  "xmin": 951051.651484,
  "xmax": 958731.651484,
  "ymin": 1371270.775380,
  "ymax": 1378950.775380,
  "cols": 256,
  "rows": 256,
  "cellwidth": 30.000000,
  "cellheight": 30.000000,
  "epsg": 3785,
  "yskew": 0.0,
  "xskew": 0.0
}