{
  "layer": "albers_FarmlandWithoutPrimeAgriculturalSoils_8_23",
  "datatype": "bool", 
  "type": "arg",
  "xmin": 904971.651484,
  "xmax": 912651.651484,
  "ymin": 1317510.775380,
  "ymax": 1325190.775380,
  "cols": 256,
  "rows": 256,
  "cellwidth": 30.000000,
  "cellheight": 30.000000,
  "epsg": 3785,
  "yskew": 0.0,
  "xskew": 0.0
}