{
  "layer": "albers_FarmlandWithoutPrimeAgriculturalSoils_23_30",
  "datatype": "bool", 
  "type": "arg",
  "xmin": 1020171.651484,
  "xmax": 1027851.651484,
  "ymin": 1263750.775380,
  "ymax": 1271430.775380,
  "cols": 256,
  "rows": 256,
  "cellwidth": 30.000000,
  "cellheight": 30.000000,
  "epsg": 3785,
  "yskew": 0.0,
  "xskew": 0.0
}