{
  "layer": "albers_FarmlandWithoutPrimeAgriculturalSoils_25_12",
  "datatype": "bool", 
  "type": "arg",
  "xmin": 1035531.651484,
  "xmax": 1043211.651484,
  "ymin": 1401990.775380,
  "ymax": 1409670.775380,
  "cols": 256,
  "rows": 256,
  "cellwidth": 30.000000,
  "cellheight": 30.000000,
  "epsg": 3785,
  "yskew": 0.0,
  "xskew": 0.0
}