{
  "layer": "albers_FarmlandWithoutPrimeAgriculturalSoils_4_16",
  "datatype": "bool", 
  "type": "arg",
  "xmin": 874251.651484,
  "xmax": 881931.651484,
  "ymin": 1371270.775380,
  "ymax": 1378950.775380,
  "cols": 256,
  "rows": 256,
  "cellwidth": 30.000000,
  "cellheight": 30.000000,
  "epsg": 3785,
  "yskew": 0.0,
  "xskew": 0.0
}