{
  "layer": "albers_FarmlandWithoutPrimeAgriculturalSoils_17_18",
  "datatype": "bool", 
  "type": "arg",
  "xmin": 974091.651484,
  "xmax": 981771.651484,
  "ymin": 1355910.775380,
  "ymax": 1363590.775380,
  "cols": 256,
  "rows": 256,
  "cellwidth": 30.000000,
  "cellheight": 30.000000,
  "epsg": 3785,
  "yskew": 0.0,
  "xskew": 0.0
}