{
  "layer": "albers_FarmlandWithoutPrimeAgriculturalSoils_5_14",
  "datatype": "bool", 
  "type": "arg",
  "xmin": 881931.651484,
  "xmax": 889611.651484,
  "ymin": 1386630.775380,
  "ymax": 1394310.775380,
  "cols": 256,
  "rows": 256,
  "cellwidth": 30.000000,
  "cellheight": 30.000000,
  "epsg": 3785,
  "yskew": 0.0,
  "xskew": 0.0
}