{
  "layer": "albers_PrivatelyOwnedWorkingLandsWithEasements_20_9",
  "datatype": "bool", 
  "type": "arg",
  "xmin": 995175.911750,
  "xmax": 1002855.911750,
  "ymin": 1427106.638170,
  "ymax": 1434786.638170,
  "cols": 256,
  "rows": 256,
  "cellwidth": 30.000000,
  "cellheight": 30.000000,
  "epsg": 3785,
  "yskew": 0.0,
  "xskew": 0.0
}