{
  "layer": "albers_PrivatelyOwnedWorkingLandsWithEasements_22_5",
  "datatype": "bool", 
  "type": "arg",
  "xmin": 1010535.911750,
  "xmax": 1018215.911750,
  "ymin": 1457826.638170,
  "ymax": 1465506.638170,
  "cols": 256,
  "rows": 256,
  "cellwidth": 30.000000,
  "cellheight": 30.000000,
  "epsg": 3785,
  "yskew": 0.0,
  "xskew": 0.0
}