{
  "layer": "albers_PrivatelyOwnedWorkingLandsWithEasements_13_22",
  "datatype": "bool", 
  "type": "arg",
  "xmin": 941415.911750,
  "xmax": 949095.911750,
  "ymin": 1327266.638170,
  "ymax": 1334946.638170,
  "cols": 256,
  "rows": 256,
  "cellwidth": 30.000000,
  "cellheight": 30.000000,
  "epsg": 3785,
  "yskew": 0.0,
  "xskew": 0.0
}