{
  "layer": "albers_PrivatelyOwnedWorkingLandsWithEasements_17_26",
  "datatype": "bool", 
  "type": "arg",
  "xmin": 972135.911750,
  "xmax": 979815.911750,
  "ymin": 1296546.638170,
  "ymax": 1304226.638170,
  "cols": 256,
  "rows": 256,
  "cellwidth": 30.000000,
  "cellheight": 30.000000,
  "epsg": 3785,
  "yskew": 0.0,
  "xskew": 0.0
}