{
  "layer": "albers_PrivatelyOwnedWorkingLandsWithEasements_30_2",
  "datatype": "bool", 
  "type": "arg",
  "xmin": 1071975.911750,
  "xmax": 1079655.911750,
  "ymin": 1480866.638170,
  "ymax": 1488546.638170,
  "cols": 256,
  "rows": 256,
  "cellwidth": 30.000000,
  "cellheight": 30.000000,
  "epsg": 3785,
  "yskew": 0.0,
  "xskew": 0.0
}