{
  "layer": "albers_PrivatelyOwnedWorkingLandsWithEasements_29_13",
  "datatype": "bool", 
  "type": "arg",
  "xmin": 1064295.911750,
  "xmax": 1071975.911750,
  "ymin": 1396386.638170,
  "ymax": 1404066.638170,
  "cols": 256,
  "rows": 256,
  "cellwidth": 30.000000,
  "cellheight": 30.000000,
  "epsg": 3785,
  "yskew": 0.0,
  "xskew": 0.0
}