{
  "layer": "albers_PrivatelyOwnedWorkingLandsWithEasements_6_17",
  "datatype": "bool", 
  "type": "arg",
  "xmin": 887655.911750,
  "xmax": 895335.911750,
  "ymin": 1365666.638170,
  "ymax": 1373346.638170,
  "cols": 256,
  "rows": 256,
  "cellwidth": 30.000000,
  "cellheight": 30.000000,
  "epsg": 3785,
  "yskew": 0.0,
  "xskew": 0.0
}