{
  "layer": "albers_PrivatelyOwnedWorkingLandsWithEasements_11_16",
  "datatype": "bool", 
  "type": "arg",
  "xmin": 926055.911750,
  "xmax": 933735.911750,
  "ymin": 1373346.638170,
  "ymax": 1381026.638170,
  "cols": 256,
  "rows": 256,
  "cellwidth": 30.000000,
  "cellheight": 30.000000,
  "epsg": 3785,
  "yskew": 0.0,
  "xskew": 0.0
}