{
  "layer": "albers_PrivatelyOwnedWorkingLandsWithEasements_24_17",
  "datatype": "bool", 
  "type": "arg",
  "xmin": 1025895.911750,
  "xmax": 1033575.911750,
  "ymin": 1365666.638170,
  "ymax": 1373346.638170,
  "cols": 256,
  "rows": 256,
  "cellwidth": 30.000000,
  "cellheight": 30.000000,
  "epsg": 3785,
  "yskew": 0.0,
  "xskew": 0.0
}