{
  "layer": "albers_PrivatelyOwnedWorkingLandsWithEasements_10_10",
  "datatype": "bool", 
  "type": "arg",
  "xmin": 918375.911750,
  "xmax": 926055.911750,
  "ymin": 1419426.638170,
  "ymax": 1427106.638170,
  "cols": 256,
  "rows": 256,
  "cellwidth": 30.000000,
  "cellheight": 30.000000,
  "epsg": 3785,
  "yskew": 0.0,
  "xskew": 0.0
}