{
  "layer": "albers_PrivatelyOwnedWorkingLandsWithEasements_8_29",
  "datatype": "bool", 
  "type": "arg",
  "xmin": 903015.911750,
  "xmax": 910695.911750,
  "ymin": 1273506.638170,
  "ymax": 1281186.638170,
  "cols": 256,
  "rows": 256,
  "cellwidth": 30.000000,
  "cellheight": 30.000000,
  "epsg": 3785,
  "yskew": 0.0,
  "xskew": 0.0
}