{
  "layer": "albers_PrivatelyOwnedWorkingLandsWithEasements_7_12",
  "datatype": "bool", 
  "type": "arg",
  "xmin": 895335.911750,
  "xmax": 903015.911750,
  "ymin": 1404066.638170,
  "ymax": 1411746.638170,
  "cols": 256,
  "rows": 256,
  "cellwidth": 30.000000,
  "cellheight": 30.000000,
  "epsg": 3785,
  "yskew": 0.0,
  "xskew": 0.0
}