{
  "layer": "albers_PrivatelyOwnedWorkingLandsWithEasements_5_1",
  "datatype": "bool", 
  "type": "arg",
  "xmin": 879975.911750,
  "xmax": 887655.911750,
  "ymin": 1488546.638170,
  "ymax": 1496226.638170,
  "cols": 256,
  "rows": 256,
  "cellwidth": 30.000000,
  "cellheight": 30.000000,
  "epsg": 3785,
  "yskew": 0.0,
  "xskew": 0.0
}