{
  "layer": "albers_PrivatelyOwnedWorkingLandsWithEasements_23_15",
  "datatype": "bool", 
  "type": "arg",
  "xmin": 1018215.911750,
  "xmax": 1025895.911750,
  "ymin": 1381026.638170,
  "ymax": 1388706.638170,
  "cols": 256,
  "rows": 256,
  "cellwidth": 30.000000,
  "cellheight": 30.000000,
  "epsg": 3785,
  "yskew": 0.0,
  "xskew": 0.0
}