{
  "layer": "albers_PrivatelyOwnedWorkingLandsWithEasements_25_18",
  "datatype": "bool", 
  "type": "arg",
  "xmin": 1033575.911750,
  "xmax": 1041255.911750,
  "ymin": 1357986.638170,
  "ymax": 1365666.638170,
  "cols": 256,
  "rows": 256,
  "cellwidth": 30.000000,
  "cellheight": 30.000000,
  "epsg": 3785,
  "yskew": 0.0,
  "xskew": 0.0
}