{
  "layer": "albers_PrivatelyOwnedWorkingLandsWithEasements_14_21",
  "datatype": "bool", 
  "type": "arg",
  "xmin": 949095.911750,
  "xmax": 956775.911750,
  "ymin": 1334946.638170,
  "ymax": 1342626.638170,
  "cols": 256,
  "rows": 256,
  "cellwidth": 30.000000,
  "cellheight": 30.000000,
  "epsg": 3785,
  "yskew": 0.0,
  "xskew": 0.0
}