{
  "layer": "albers_PrivatelyOwnedWorkingLandsWithEasements_8_0",
  "datatype": "bool", 
  "type": "arg",
  "xmin": 903015.911750,
  "xmax": 910695.911750,
  "ymin": 1496226.638170,
  "ymax": 1503906.638170,
  "cols": 256,
  "rows": 256,
  "cellwidth": 30.000000,
  "cellheight": 30.000000,
  "epsg": 3785,
  "yskew": 0.0,
  "xskew": 0.0
}